{
    "B": {
        "intercept": -0.002295308676135699,
        "coefficients": [
            0.0,
            0.7556459872218543,
            0.14614761706715013
        ]
    },
    "G": {
        "intercept": 0.001826762160084261,
        "coefficients": [
            0.0,
            1.052313757231735,
            -0.09764839346505261
        ]
    },
    "R": {
        "intercept": 0.02472144548577504,
        "coefficients": [
            0.0,
            1.1417120876014477,
            -0.1770467166234947
        ]
    }
}